[
  {
    "id": 2,
    "category": "Electronics",
    "name": "Dummy Text",
    "price": 226,
    "image": "/assets/electronics/images(1).jpg"
  },
  {
    "id": 10,
    "category": "Electronics",
    "name": "Dummy Text",
    "price": 572,
    "image": "/assets/electronics/images(2).jpg"
  },
  {
    "id": 13,
    "category": "Electronics",
    "name": "Dummy Text",
    "price": 47,
    "image": "/assets/electronics/images(3).jpg"
  },
  {
    "id": 14,
    "category": "Electronics",
    "name": "Dummy Text",
    "price": 22,
    "image": "/assets/electronics/images(4).jpg"
  },
  {
    "id": 15,
    "category": "Electronics",
    "name": "Dummy Text",
    "price": 492,
    "image": "/assets/electronics/images(1).jpg"
  },
  {
    "id": 22,
    "category": "Electronics",
    "name": "Dummy Text",
    "price": 555,
    "image": "/assets/electronics/images(5).jpg"
  },
  {
    "id": 24,
    "category": "Electronics",
    "name": "Dummy Text",
    "price": 827,
    "image": "/assets/electronics/images(6).jpg"
  },
  {
    "id": 28,
    "category": "Electronics",
    "name": "Dummy Text",
    "price": 90,
    "image": "/assets/electronics/images(7).jpg"
  },
  {
    "id": 30,
    "category": "Electronics",
    "name": "Dummy Text",
    "price": 813,
    "image": "/assets/electronics/images(8).jpg"
  },
  {
    "id": 35,
    "category": "Electronics",
    "name": "Dummy Text",
    "price": 73,
    "image": "/assets/electronics/images(9).jpg"
  },
  {
    "id": 38,
    "category": "Electronics",
    "name": "Dummy Text",
    "price": 586,
    "image": "/assets/electronics/images(10).jpg"
  },
  {
    "id": 39,
    "category": "Electronics",
    "name": "Dummy Text",
    "price": 995,
    "image": "/assets/electronics/images(11).jpg"
  },
  {
    "id": 40,
    "category": "Electronics",
    "name": "Dummy Text",
    "price": 416,
    "image": "/assets/electronics/images(12).jpg"
  },
  {
    "id": 43,
    "category": "Electronics",
    "name": "Dummy Text",
    "price": 828,
    "image": "/assets/electronics/images(13).jpg"
  },
  {
    "id": 49,
    "category": "Electronics",
    "name": "Dummy Text",
    "price": 567,
    "image": "/assets/electronics/images(14).jpg"
  },
  {
    "id": 50,
    "category": "Electronics",
    "name": "Dummy Text",
    "price": 87,
    "image": "/assets/electronics/images(15).jpg"
  },
  {
    "id": 63,
    "category": "Electronics",
    "name": "Dummy Text",
    "price": 745,
    "image": "/assets/electronics/images(16).jpg"
  },
  {
    "id": 64,
    "category": "Electronics",
    "name": "Dummy Text",
    "price": 210,
    "image": "/assets/electronics/images(17).jpg"
  },
  {
    "id": 71,
    "category": "Electronics",
    "name": "Dummy Text",
    "price": 28,
    "image": "/assets/electronics/images(18).jpg"
  },
  {
    "id": 74,
    "category": "Electronics",
    "name": "Dummy Text",
    "price": 600,
    "image": "/assets/electronics/images(19).jpg"
  },
  {
    "id": 75,
    "category": "Electronics",
    "name": "Dummy Text",
    "price": 650,
    "image": "/assets/electronics/images(20).jpg"
  },
  {
    "id": 78,
    "category": "Electronics",
    "name": "Dummy Text",
    "price": 32,
    "image": "/assets/electronics/images(21).jpg"
  },
  {
    "id": 84,
    "category": "Electronics",
    "name": "Dummy Text",
    "price": 845,
    "image": "/assets/electronics/images(22).jpg"
  },
  {
    "id": 88,
    "category": "Electronics",
    "name": "Dummy Text",
    "price": 525,
    "image": "/assets/electronics/images(23).jpg"
  },
  {
    "id": 89,
    "category": "Electronics",
    "name": "Dummy Text",
    "price": 149,
    "image": "/assets/electronics/images(24).jpg"
  },
  {
    "id": 90,
    "category": "Electronics",
    "name": "Dummy Text",
    "price": 651,
    "image": "/assets/electronics/images(25).jpg"
  },
  {
    "id": 91,
    "category": "Electronics",
    "name": "Dummy Text",
    "price": 808,
    "image": "/assets/electronics/images(26).jpg"
  },
  {
    "id": 93,
    "category": "Electronics",
    "name": "Dummy Text",
    "price": 945,
    "image": "/assets/electronics/images(27).jpg"
  },
  {
    "id": 94,
    "category": "Electronics",
    "name": "Dummy Text",
    "price": 877,
    "image": "/assets/electronics/images(28).jpg"
  },
  {
    "id": 3,
    "category": "Fashion",
    "name": "Dummy Text",
    "price": 858,
    "image": "/assets/fashion/images(1).jpg"
  },
  {
    "id": 6,
    "category": "Fashion",
    "name": "Dummy Text",
    "price": 399,
    "image": "/assets/fashion/images(2).jpg"
  },
  {
    "id": 12,
    "category": "Fashion",
    "name": "Dummy Text",
    "price": 374,
    "image": "/assets/fashion/images(3).jpg"
  },
  {
    "id": 16,
    "category": "Fashion",
    "name": "Dummy Text",
    "price": 876,
    "image": "/assets/fashion/images(4).jpg"
  },
  {
    "id": 18,
    "category": "Fashion",
    "name": "Dummy Text",
    "price": 168,
    "image": "/assets/fashion/images(5).jpg"
  },
  {
    "id": 19,
    "category": "Fashion",
    "name": "Dummy Text",
    "price": 985,
    "image": "/assets/fashion/images(6).jpg"
  },
  {
    "id": 20,
    "category": "Fashion",
    "name": "Dummy Text",
    "price": 926,
    "image": "/assets/fashion/images(7).jpg"
  },
  {
    "id": 25,
    "category": "Fashion",
    "name": "Dummy Text",
    "price": 269,
    "image": "/assets/fashion/images(8).jpg"
  },
  {
    "id": 27,
    "category": "Fashion",
    "name": "Dummy Text",
    "price": 532,
    "image": "/assets/fashion/images(9).jpg"
  },
  {
    "id": 32,
    "category": "Fashion",
    "name": "Dummy Text",
    "price": 56,
    "image": "/assets/fashion/images(10).jpg"
  },
  {
    "id": 33,
    "category": "Fashion",
    "name": "Dummy Text",
    "price": 411,
    "image": "/assets/fashion/images(11).jpg"
  },
  {
    "id": 36,
    "category": "Fashion",
    "name": "Dummy Text",
    "price": 346,
    "image": "/assets/fashion/images(12).jpg"
  },
  {
    "id": 37,
    "category": "Fashion",
    "name": "Dummy Text",
    "price": 956,
    "image": "/assets/fashion/images(13).jpg"
  },
  {
    "id": 41,
    "category": "Fashion",
    "name": "Dummy Text",
    "price": 41,
    "image": "/assets/fashion/images(14).jpg"
  },
  {
    "id": 46,
    "category": "Fashion",
    "name": "Dummy Text",
    "price": 805,
    "image": "/assets/fashion/images(15).jpg"
  },
  {
    "id": 54,
    "category": "Fashion",
    "name": "Dummy Text",
    "price": 601,
    "image": "/assets/fashion/images(16).jpg"
  },
  {
    "id": 55,
    "category": "Fashion",
    "name": "Dummy Text",
    "price": 318,
    "image": "/assets/fashion/images(17).jpg"
  },
  {
    "id": 57,
    "category": "Fashion",
    "name": "Dummy Text",
    "price": 312,
    "image": "/assets/fashion/images(18).jpg"
  },
  {
    "id": 60,
    "category": "Fashion",
    "name": "Dummy Text",
    "price": 456,
    "image": "/assets/fashion/images(19).jpg"
  },
  {
    "id": 61,
    "category": "Fashion",
    "name": "Dummy Text",
    "price": 180,
    "image": "/assets/fashion/images(20).jpg"
  },
  {
    "id": 67,
    "category": "Fashion",
    "name": "Dummy Text",
    "price": 939,
    "image": "/assets/fashion/images(21).jpg"
  },
  {
    "id": 69,
    "category": "Fashion",
    "name": "Dummy Text",
    "price": 769,
    "image": "/assets/fashion/images(22).jpg"
  },
  {
    "id": 70,
    "category": "Fashion",
    "name": "Dummy Text",
    "price": 116,
    "image": "/assets/fashion/images(23).jpg"
  },
  {
    "id": 76,
    "category": "Fashion",
    "name": "Dummy Text",
    "price": 854,
    "image": "/assets/fashion/images(24).jpg"
  },
  {
    "id": 82,
    "category": "Fashion",
    "name": "Dummy Text",
    "price": 482,
    "image": "/assets/fashion/images(25).jpg"
  },
  {
    "id": 83,
    "category": "Fashion",
    "name": "Dummy Text",
    "price": 841,
    "image": "/assets/fashion/images(26).jpg"
  },
  {
    "id": 95,
    "category": "Fashion",
    "name": "Dummy Text",
    "price": 77,
    "image": "/assets/fashion/images(27).jpg"
  },
  {
    "id": 7,
    "category": "Kids",
    "name": "Dummy Text",
    "price": 302,
    "image": "/assets/fashion/images(25).jpg"
  },
  {
    "id": 8,
    "category": "Kids",
    "name": "Dummy Text",
    "price": 72,
    "image": "/assets/fashion/images(24).jpg"
  },
  {
    "id": 11,
    "category": "Kids",
    "name": "Dummy Text",
    "price": 135,
    "image": "/assets/fashion/images(22).jpg"
  },
  {
    "id": 21,
    "category": "Kids",
    "name": "Dummy Text",
    "price": 414,
    "image": "/assets/fashion/images(1).jpg"
  },
  {
    "id": 23,
    "category": "Kids",
    "name": "Dummy Text",
    "price": 978,
    "image": "/assets/fashion/images(2).jpg"
  },
  {
    "id": 26,
    "category": "Kids",
    "name": "Dummy Text",
    "price": 268,
    "image": "/assets/fashion/images(3).jpg"
  },
  {
    "id": 29,
    "category": "Kids",
    "name": "Dummy Text",
    "price": 484,
    "image": "/assets/fashion/images(4).jpg"
  },
  {
    "id": 44,
    "category": "Kids",
    "name": "Dummy Text",
    "price": 835,
    "image": "/assets/fashion/images(5).jpg"
  },
  {
    "id": 47,
    "category": "Kids",
    "name": "Dummy Text",
    "price": 272,
    "image": "/assets/fashion/images(6).jpg"
  },
  {
    "id": 51,
    "category": "Kids",
    "name": "Dummy Text",
    "price": 148,
    "image": "/assets/fashion/images(7).jpg"
  },
  {
    "id": 56,
    "category": "Kids",
    "name": "Dummy Text",
    "price": 526,
    "image": "/assets/fashion/images(8).jpg"
  },
  {
    "id": 62,
    "category": "Kids",
    "name": "Dummy Text",
    "price": 950,
    "image": "/assets/fashion/images(9).jpg"
  },
  {
    "id": 66,
    "category": "Kids",
    "name": "Dummy Text",
    "price": 934,
    "image": "/assets/fashion/images(10).jpg"
  },
  {
    "id": 72,
    "category": "Kids",
    "name": "Dummy Text",
    "price": 298,
    "image": "/assets/fashion/images(11).jpg"
  },
  {
    "id": 73,
    "category": "Kids",
    "name": "Dummy Text",
    "price": 693,
    "image": "/assets/fashion/images(12).jpg"
  },
  {
    "id": 77,
    "category": "Kids",
    "name": "Dummy Text",
    "price": 595,
    "image": "/assets/fashion/images(13).jpg"
  },
  {
    "id": 79,
    "category": "Kids",
    "name": "Dummy Text",
    "price": 695,
    "image": "/assets/fashion/images(14).jpg"
  },
  {
    "id": 81,
    "category": "Kids",
    "name": "Dummy Text",
    "price": 527,
    "image": "/assets/fashion/images(15).jpg"
  },
  {
    "id": 85,
    "category": "Kids",
    "name": "Dummy Text",
    "price": 495,
    "image": "/assets/fashion/images(16).jpg"
  },
  {
    "id": 86,
    "category": "Kids",
    "name": "Dummy Text",
    "price": 273,
    "image": "/assets/fashion/images(17).jpg"
  },
  {
    "id": 87,
    "category": "Kids",
    "name": "Dummy Text",
    "price": 277,
    "image": "/assets/fashion/images(18).jpg"
  },
  {
    "id": 97,
    "category": "Kids",
    "name": "Dummy Text",
    "price": 478,
    "image": "/assets/fashion/images(19).jpg"
  },
  {
    "id": 98,
    "category": "Kids",
    "name": "Dummy Text",
    "price": 634,
    "image": "/assets/fashion/images(20).jpg"
  },
  {
    "id": 99,
    "category": "Kids",
    "name": "Dummy Text",
    "price": 860,
    "image": "/assets/fashion/images(21).jpg"
  },
  {
    "id": 1,
    "category": "Men",
    "name": "Dummy Text",
    "price": 798,
    "image": "/assets/fashion/images(1).jpg"
  },
  {
    "id": 4,
    "category": "Men",
    "name": "Dummy Text",
    "price": 284,
    "image": "/assets/fashion/images(2).jpg"
  },
  {
    "id": 5,
    "category": "Men",
    "name": "Dummy Text",
    "price": 148,
    "image": "/assets/fashion/images(3).jpg"
  },
  {
    "id": 9,
    "category": "Men",
    "name": "Dummy Text",
    "price": 735,
    "image": "/assets/fashion/images(4).jpg"
  },
  {
    "id": 17,
    "category": "Men",
    "name": "Dummy Text",
    "price": 740,
    "image": "/assets/fashion/images(5).jpg"
  },
  {
    "id": 31,
    "category": "Men",
    "name": "Dummy Text",
    "price": 839,
    "image": "/assets/fashion/images(6).jpg"
  },
  {
    "id": 34,
    "category": "Men",
    "name": "Dummy Text",
    "price": 492,
    "image": "/assets/fashion/images(7).jpg"
  },
  {
    "id": 42,
    "category": "Men",
    "name": "Dummy Text",
    "price": 974,
    "image": "/assets/fashion/images(8).jpg"
  },
  {
    "id": 45,
    "category": "Men",
    "name": "Dummy Text",
    "price": 240,
    "image": "/assets/fashion/images(9).jpg"
  },
  {
    "id": 48,
    "category": "Men",
    "name": "Dummy Text",
    "price": 289,
    "image": "/assets/fashion/images(10).jpg"
  },
  {
    "id": 52,
    "category": "Men",
    "name": "Dummy Text",
    "price": 676,
    "image": "/assets/fashion/images(21).jpg"
  },
  {
    "id": 53,
    "category": "Men",
    "name": "Dummy Text",
    "price": 464,
    "image": "/assets/fashion/images(22).jpg"
  },
  {
    "id": 58,
    "category": "Men",
    "name": "Dummy Text",
    "price": 384,
    "image": "/assets/fashion/images(23).jpg"
  },
  {
    "id": 59,
    "category": "Men",
    "name": "Dummy Text",
    "price": 291,
    "image": "/assets/fashion/images(24).jpg"
  },
  {
    "id": 65,
    "category": "Men",
    "name": "Dummy Text",
    "price": 887,
    "image": "/assets/fashion/images(25).jpg"
  },
  {
    "id": 68,
    "category": "Men",
    "name": "Dummy Text",
    "price": 223,
    "image": "/assets/fashion/images(21).jpg"
  },
  {
    "id": 80,
    "category": "Men",
    "name": "Dummy Text",
    "price": 160,
    "image": "/assets/fashion/images(11).jpg"
  },
  {
    "id": 92,
    "category": "Men",
    "name": "Dummy Text",
    "price": 103,
    "image": "/assets/fashion/images(12).jpg"
  },
  {
    "id": 110,
    "category": "Men",
    "name": "Dummy Text",
    "price": 229,
    "image": "/assets/fashion/images(13).jpg"
  },
  {
    "id": 111,
    "category": "Women",
    "name": "Dummy Text",
    "price": 798,
    "image": "/assets/fashion/images(1).jpg"
  },
  {
    "id": 112,
    "category": "Women",
    "name": "Dummy Text",
    "price": 284,
    "image": "/assets/fashion/images(2).jpg"
  },
  {
    "id": 5,
    "category": "Women",
    "name": "Dummy Text",
    "price": 148,
    "image": "/assets/fashion/images(3).jpg"
  },
  {
    "id": 9,
    "category": "Women",
    "name": "Dummy Text",
    "price": 735,
    "image": "/assets/fashion/images(4).jpg"
  },
  {
    "id": 17,
    "category": "Women",
    "name": "Dummy Text",
    "price": 740,
    "image": "/assets/fashion/images(5).jpg"
  },
  {
    "id": 31,
    "category": "Women",
    "name": "Dummy Text",
    "price": 839,
    "image": "/assets/fashion/images(6).jpg"
  },
  {
    "id": 34,
    "category": "Women",
    "name": "Dummy Text",
    "price": 492,
    "image": "/assets/fashion/images(7).jpg"
  },
  {
    "id": 42,
    "category": "Women",
    "name": "Dummy Text",
    "price": 974,
    "image": "/assets/fashion/images(8).jpg"
  },
  {
    "id": 45,
    "category": "Women",
    "name": "Dummy Text",
    "price": 240,
    "image": "/assets/fashion/images(9).jpg"
  },
  {
    "id": 48,
    "category": "Women",
    "name": "Dummy Text",
    "price": 289,
    "image": "/assets/fashion/images(10).jpg"
  },
  {
    "id": 52,
    "category": "Women",
    "name": "Dummy Text",
    "price": 676,
    "image": "/assets/fashion/images(21).jpg"
  },
  {
    "id": 53,
    "category": "Women",
    "name": "Dummy Text",
    "price": 464,
    "image": "/assets/fashion/images(22).jpg"
  },
  {
    "id": 58,
    "category": "Women",
    "name": "Dummy Text",
    "price": 384,
    "image": "/assets/fashion/images(23).jpg"
  },
  {
    "id": 59,
    "category": "Women",
    "name": "Dummy Text",
    "price": 291,
    "image": "/assets/fashion/images(24).jpg"
  },
  {
    "id": 65,
    "category": "Women",
    "name": "Dummy Text",
    "price": 887,
    "image": "/assets/fashion/images(25).jpg"
  },
  {
    "id": 68,
    "category": "Women",
    "name": "Dummy Text",
    "price": 223,
    "image": "/assets/fashion/images(21).jpg"
  },
  {
    "id": 80,
    "category": "Women",
    "name": "Dummy Text",
    "price": 160,
    "image": "/assets/fashion/images(11).jpg"
  },
  {
    "id": 92,
    "category": "Women",
    "name": "Dummy Text",
    "price": 103,
    "image": "/assets/fashion/images(12).jpg"
  },
  {
    "id": 96,
    "category": "Women",
    "name": "Dummy Text",
    "price": 229,
    "image": "/assets/fashion/images(13).jpg"
  },
  {
    "id": 966,
    "category": "Women",
    "name": "Dummy Text",
    "price": 100,
    "image": "/assets/fashion/images(13).jpg"
  }
]
